Job Role,Description,Required Skills,Additional Skills,Recommended Certifications,Educational Requirements,Alternate Career Paths,Suggested Roadmap,Real-World Tools,Soft Skills Required,Emerging Trends,Example Projects,Industries Hiring,Career Growth Opportunities,Average Learning Timeline,Challenges in the Role,Best Learning Resources,Industry Demand Level,Average Salary (₹)
Frontend Developer,"Designs and develops visually appealing, user-friendly interfaces for web and mobile applications, focusing on enhancing user experience and performance optimization.","Beginner: HTML, CSS, Git, Responsive Design","API Integration, Testing Frameworks (Jest, Enzyme), Accessibility Standards (WCAG), Performance Optimization (Lighthouse Audits)","Primary: Google Mobile Web Specialist, Certified React Developer","Bachelor’s degree in Computer Science/Information Technology, or equivalent experience with demonstrable projects",Start with freelancing or internships → Build a strong portfolio → Transition to full-time roles. Participate in hackathons and contribute to open-source projects.,"Learn HTML & CSS basics, including responsive design principles. → Master JavaScript fundamentals and DOM manipulation. → Familiarize with Git and version control. → Learn a CSS framework like Bootstrap or Tailwind. → Master React.js and state management using Redux. → Study advanced concepts like TypeScript and server-side rendering (Next.js). → Build real-world projects: e-commerce sites, dashboards, or portfolio websites. → Gain certifications to showcase expertise. → Apply for internships or freelance work.","VS Code, Chrome DevTools, Figma, Webpack, Postman","Creativity, Communication, Attention to Detail, Problem-Solving, Time Management","- AI-powered frontend development tools (e.g., Copilot, ChatGPT plugins)",- Responsive Portfolio Website,"IT Services, E-commerce, Media, Startups, Digital Agencies",Junior Frontend Developer → Frontend Developer → Senior Frontend Developer → Frontend Architect → UI/UX Engineer Manager,"9-12 months for foundational skills, additional 6-9 months for mastery of advanced frameworks","Keeping up with rapidly changing technologies, debugging complex UI issues, balancing user needs with technical constraints",- FreeCodeCamp,High,"5,00,000 - 12,00,000"
,,"Intermediate: JavaScript (ES6+), DOM Manipulation, Bootstrap/Tailwind CSS",,"Supplementary: FreeCodeCamp Responsive Web Design, Codecademy JavaScript, W3C Frontend Web Developer",,,,,,"- JAMstack adoption (JavaScript, APIs, Markup)",- E-commerce Web App with React.js,,,,,- JavaScript.info,,
,,"Advanced: React.js, TypeScript, Redux, Webpack, Next.js",,,,,,,,- Progressive Web Apps (PWAs),- Weather Application using APIs,,,,,- Scrimba Frontend Career Path,,
,,,,,,,,,,- Component-driven development with tools like Storybook,- Social Media Feed Mockup,,,,,- React Docs (reactjs.org),,
,,,,,,,,,,,- Single Page Application (SPA) with Next.js,,,,,- Udemy/Pluralsight Courses,,
,,,,,,,,,,,,,,,,,,
,,,,,,,,,,,,,,,,,,
,,,,,,,,,,,,,,,,,,
,,,,,,,,,,,,,,,,,,
Backend Developer,"Manages server-side logic, APIs, and database integration for applications.","Beginner: Python, SQL, Node.js, RESTful APIs","GraphQL, Message Queues (RabbitMQ), NoSQL Databases, Deployment Pipelines","AWS Certified Developer, Microsoft Azure Developer Associate",Bachelor’s in CS/IT or equivalent experience,"DevOps Engineer, Data Engineer, Software Architect","Learn backend programming basics (Python, Node.js) → Study database management (SQL/NoSQL) → Build RESTful APIs → Learn version control systems (Git) → Explore GraphQL and caching → Work on deployment pipelines → Build real-world backend systems → Obtain certifications → Apply for roles","Postman, MongoDB, Redis, Docker, Jenkins","Communication, Logical Thinking, Time Management, Problem-Solving","API-first development, Serverless Computing",- RESTful API,"IT Services, FinTech, E-commerce, SaaS Companies",Backend Developer → Senior Developer → Backend Architect → CTO,"9-12 months for fundamentals, 6-9 months for advanced concepts","Handling scaling issues, security vulnerabilities, debugging APIs","Udemy, Pluralsight, Backend Masters (YouTube)",High,"6,00,000 - 15,00,000"
,,,,,,,,,,,- E-commerce Backend,,,,,,,
,,,,,,,,,,,- Microservices Architecture,,,,,,,
DevOps Engineer,"Automates, integrates, and streamlines development, testing, and deployment processes for software.","Beginner: Linux, Shell Scripting, Git, Docker","Kubernetes, Terraform, Jenkins, Cloud Platforms (AWS, GCP, Azure)","AWS Certified DevOps Engineer, Google Cloud DevOps Engineer",Bachelor’s in CS/IT or equivalent experience,"Cloud Architect, Site Reliability Engineer (SRE)","Learn Linux fundamentals and shell scripting → Study CI/CD tools (Jenkins, GitLab) → Practice containerization with Docker → Learn Kubernetes for orchestration → Understand Infrastructure as Code (Terraform) → Study cloud platforms (AWS, GCP) → Obtain certifications →Work on real-world DevOps pipelines →Apply for roles in DevOps or SRE","Docker, Jenkins, Kubernetes, Ansible, Terraform","Collaboration, Time Management, Critical Thinking, Problem-Solving","GitOps, AI-assisted CI/CD, Platform Engineering",- CI/CD Pipeline Setup,"IT Services, SaaS, FinTech, Startups",Junior DevOps Engineer → DevOps Engineer → Senior DevOps Engineer → DevOps Architect,12-18 months for comprehensive skill set,"Balancing automation with security, managing cross-functional teams","Cloud Academy, A Cloud Guru, Udemy, KodeKloud",High,"8,00,000 - 18,00,000"
,,,,,,,,,,,- Infrastructure as Code,,,,,,,
,,,,,,,,,,,- Cloud Deployment Automation,,,,,,,
Blockchain Developer,"Builds decentralized applications (DApps), smart contracts, and blockchain-based systems for secure and transparent solutions.","Beginner: Blockchain Basics, Solidity, Smart Contracts","Cryptography, Tokenomics, Consensus Algorithms","Certified Blockchain Developer (CBP), IBM Blockchain Essentials","Bachelor’s in CS/IT, or proven project experience","Blockchain Consultant, Smart Contract Developer","Learn blockchain fundamentals (e.g., Bitcoin, Ethereum basics) → Master Solidity & Ethereum for smart contracts → Study cryptographic principles → Build small blockchain projects (token creation, voting systems) →Gain certifications → Work on complex blockchain DApps → Apply for blockchain developer roles","Remix, Ganache, Truffle Suite, MetaMask, Hardhat","Analytical Thinking, Problem-Solving, Adaptability",- NFTs and DeFi Applications,- Tokenized Crowdfunding Platform,"FinTech, Gaming, Supply Chain, Government",Junior Blockchain Developer → Blockchain Engineer → Lead Blockchain Developer → Blockchain Architect,12-18 months for foundational & advanced skills,"High computational cost, scalability issues, regulatory hurdles","Udemy Blockchain Development, Blockchain Council, Ethereum Docs",High,"8,00,000 - 20,00,000"
,,,,,,,,,,- Cross-Chain Compatibility,- Decentralized Voting System,,,,,,,
,,,,,,,,,,,- Cryptocurrency Wallet Integration,,,,,,,
UI/UX Designer,"Designs intuitive and user-friendly interfaces for websites, applications, and digital platforms to enhance usability.","Beginner: Wireframing, Prototyping, Design Principles","HTML/CSS basics, Motion Design (After Effects), Usability Testing","Google UX Design Certificate, Certified Usability Analyst","Bachelor’s in Design, CS, or relevant experience","Product Designer, Interaction Designer","Learn design basics (principles, typography, colors) → Master Figma/Adobe XD for wireframing → Study user research & usability testing → Build a design portfolio with real-world projects → Explore motion design & micro-interactions → Gain certifications → Work on live projects or internships → Apply for full-time UI/UX roles","Figma, Adobe XD, Sketch, InVision, Maze","Empathy, Communication, Collaboration, Attention to Detail","AI-driven design tools, AR/VR interface design",- E-commerce UI Redesign,"IT, Media, E-commerce, SaaS, Digital Marketing",Junior UI/UX Designer → UI/UX Designer → Senior UI/UX Designer → Design Manager,"9-12 months for fundamental skills, 6-9 months for advanced skills","Keeping up with design trends, managing tight deadlines","Coursera, Udemy, Interaction Design Foundation (IDF)",High,"4,00,000 - 10,00,000"
,,,,,,,,,,,- Mobile App Prototype,,,,,,,
,,,,,,,,,,,- User Journey Mapping,,,,,,,
Network Engineer,"Manages, designs, and maintains an organization's network infrastructure, ensuring seamless communication.","Beginner: Networking Basics, TCP/IP, Subnetting","Programming in Python/Perl, Virtualization (VMware)","Cisco Certified Network Associate (CCNA), CompTIA Network+","Bachelor’s in CS/IT/Electronics, or equivalent experience","Cybersecurity Analyst, System Administrator","Learn networking fundamentals (TCP/IP, OSI model) →Practice configuring routers and switches (Cisco, Juniper) → Obtain foundational certifications (CCNA, CompTIA Network+) → Study network security and troubleshooting → Master cloud networking concepts → Gain advanced certifications (CCNP, CCIE) → Apply for Network Engineer roles","Wireshark, Cisco Packet Tracer, SolarWinds, Nagios","Communication, Problem-Solving, Attention to Detail",- Software-defined networking (SDN),- Enterprise Network Setup,"IT Services, Telecom, Healthcare, Manufacturing",Junior Network Engineer → Network Specialist → Senior Network Engineer → Network Architect,"12-15 months for foundational skills, 6-9 months for advanced certifications","Managing downtime, keeping up with evolving tech, multi-vendor environments","Cisco Networking Academy, Udemy Networking, CompTIA Learn",Moderate,"5,00,000 - 12,00,000"
,,,,,,,,,,- 5G and IoT Networks,- Securing a Network Infrastructure,,,,,,,
,,,,,,,,,,,- Troubleshooting a Cloud-based Network,,,,,,,
Automation Engineer,Designs and implements automated solutions to optimize manufacturing processes or software testing tasks.,"Beginner: PLC Programming, Basic Python, Selenium","SCADA Systems, Jenkins, IoT Integration, Machine Learning","Certified Automation Professional (CAP), ISTQB Selenium Automation Certification",Bachelor’s in Mechanical/Electrical/CS or equivalent experience,"QA Analyst, Robotics Engineer","Learn PLC programming basics → Study industrial automation tools like SCADA → Gain experience with Python or Selenium for software automation → Master IoT and robotics frameworks →Obtain certifications (CAP, ISTQB) → Work on automation projects → Apply for roles in industrial or software automation","TIA Portal, Selenium, Jenkins, MATLAB, AutoCAD","Analytical Thinking, Problem-Solving, Communication",- AI in automation,- Automated Conveyor System,"Manufacturing, IT Services, Automotive, Electronics",Junior Automation Engineer → Automation Specialist → Senior Automation Engineer → Automation Manager,"12-15 months for foundational skills, 6-12 months for specialization","Bridging hardware and software automation, handling legacy systems integration","Rockwell Automation Training, Coursera Automation, ISA Learning Portal",Moderate,"5,00,000 - 10,00,000"
,,,,,,,,,,- IoT-driven automated systems,- Test Case Automation Framework,,,,,,,
,,,,,,,,,,,- Robotic Assembly Line Simulation,,,,,,,
Renewable Energy Engineer,"Designs and optimizes systems to harness renewable energy sources like solar, wind, and hydroelectric power.","Beginner: Solar PV Design, Wind Turbine Mechanics","GIS Tools, Energy Storage Systems, Project Management","NABCEP Solar PV Associate, Certified Energy Manager (CEM), GRIHA Evaluator Certification",Bachelor’s in Mechanical/Electrical/Civil Engineering,"Energy Consultant, Environmental Engineer","Learn renewable energy basics (solar, wind, hydro) → Study PV design tools and wind turbine mechanics → Gain GIS and energy storage expertise → Obtain NABCEP/CEM certifications → Work on renewable energy projects → Apply for roles in energy design, consulting, or project management","HOMER, PVsyst, GIS Tools, RETScreen, AutoCAD","Critical Thinking, Collaboration, Analytical Skills",- Energy-efficient smart grids,- Solar PV Plant Design,"Energy Sector, Construction, Consulting Firms, NGOs",Junior Engineer → Project Engineer → Renewable Energy Specialist → Energy Consultant → Sustainability Manager,"12-18 months for foundational skills, additional 6-9 months for certifications","High project costs, government regulation hurdles, rapid tech evolution","NABCEP Training, NPTEL Renewable Energy Courses, Udemy Energy Management",Moderate,"4,00,000 - 12,00,000"
,,,,,,,,,,- AI in renewable systems,- Wind Farm Simulation,,,,,,,
,,,,,,,,,,,- Microgrid Optimization,,,,,,,
IoT Developer,"Designs and develops IoT solutions for connecting devices, sensors, and systems across industries.","Beginner: C/C++, Python, MQTT Protocol, IoT Basics","Embedded Systems, Cloud Platforms, Security Standards","Certified IoT Professional, Cisco IoT Fundamentals, Azure IoT Developer Specialty",Bachelor’s in Electronics/Computer Science/Mechanical Engineering,"Embedded Systems Engineer, Robotics Developer","Learn IoT basics and sensor interfacing → Study embedded systems and microcontroller programming →Gain proficiency in IoT protocols (MQTT, CoAP) → Work on IoT projects using Raspberry Pi/Arduino →Obtain certifications → Apply for roles in IoT development, system integration, or device security","Arduino IDE, Raspberry Pi, AWS IoT Core, Azure IoT Hub","Problem-Solving, Communication, Adaptability, Team Collaboration",- IoT in healthcare,- Home Automation Systems,"Electronics, Automotive, Healthcare, Agriculture, IT Firms",Junior IoT Developer → IoT Developer → IoT Architect → IoT Product Manager → IoT Consultant,"9-12 months for foundational skills, additional 6 months for advanced IoT protocols","Ensuring device security, handling large-scale data, keeping up with rapid tech evolution","Coursera IoT Specializations, Cisco IoT Learning Tracks, Arduino Project Tutorials",Moderate,"6,00,000 - 15,00,000"
,,,,,,,,,,- Smart cities development,- Smart City Infrastructure,,,,,,,
,,,,,,,,,,,- Industrial IoT Monitoring,,,,,,,
Database Administrator,"Manages, configures, and ensures the reliability, security, and performance of organizational databases.","Beginner: SQL, Database Management, Data Modeling","Query Optimization, Disaster Recovery, Scripting (Shell, Python)","Oracle Certified Professional (OCP), Microsoft Certified Azure Database Administrator Associate",Bachelor’s in Computer Science/Information Technology,"Data Analyst, Cloud Engineer, DevOps Specialist","Learn SQL and database basics → Study database design and normalization → Master advanced SQL and query optimization → Practice data backup and disaster recovery → Gain certifications (e.g., Oracle, Microsoft) → Apply for DBA roles in enterprises or startups","MySQL, PostgreSQL, Oracle DB, MongoDB, AWS RDS","Analytical Thinking, Problem-Solving, Communication Skills, Attention to Detail",- Cloud-based databases,- E-commerce Product Database,"IT Services, E-commerce, Banking, Healthcare, Government",Junior DBA → Database Administrator → Senior DBA → Database Architect → Database Consultant,"6-9 months for foundational skills, additional 6-9 months for database certifications","Managing data security, optimizing database performance, ensuring 24/7 availability","Oracle Database Tutorials, Udemy SQL Mastery, AWS Database Training",High,"5,00,000 - 12,00,000"
,,,,,,,,,,- Autonomous databases,- Real-time Monitoring System,,,,,,,
,,,,,,,,,,- Database-as-a-Service (DBaaS),- Inventory Management Database,,,,,,,
Technical Support Engineer,"Provides technical assistance to resolve hardware, software, and network issues for customers.","Troubleshooting, Networking, OS Knowledge (Windows/Linux), Communication","ITIL Framework, Scripting (Bash/Python), CRM tools","CompTIA A+, ITIL Foundation, Microsoft Certified: Modern Desktop Administrator",B.Tech in CS/IT/Electronics,"System Administrator, Network Administrator, IT Manager",Learn system troubleshooting techniques and basic networking. → Gain certifications like CompTIA A+. →Develop communication and customer service skills. → Gain experience in ticketing systems. →Transition to senior roles.,"Zendesk, Jira, SolarWinds, Active Directory","Communication, Patience, Problem-Solving, Time Management","AI-based support systems, Remote IT assistance","Setting up network infrastructure, resolving IT issues in real time","IT Services, Telecom, Banking, Startups",Junior Support Engineer → Senior Engineer → Support Manager → IT Operations Manager,6-9 months for entry-level readiness,"High call volume, staying updated with technology changes","CompTIA course materials, Coursera IT support courses",Moderate,"3,00,000 - 8,00,000"
System Architect,Designs and oversees the overall structure of IT systems to meet business needs.,"System Design, Cloud Computing, Networking","Enterprise Architecture, Security Standards, Project Management","TOGAF, AWS Certified Solutions Architect, Cisco Certified Design Expert (CCDE)",B.Tech in CS/IT/Electronics,"Enterprise Architect, CTO, Solutions Architect",Master networking and cloud computing basics. →Gain experience in system design. →Obtain TOGAF or AWS certifications. →Work on large-scale projects.,"AWS, Azure, Visio, ArchiMate","Leadership, Analytical Thinking, Strategic Planning","Edge Computing, Microservices Architecture",Designing an enterprise IT infrastructure,"IT Services, Banking, Healthcare, Government",Junior Architect → Senior Architect → Enterprise Architect → CTO,12-18 months,"High responsibility, cross-functional coordination","TOGAF study guides, AWS Architecture books",High,"15,00,000 - 35,00,000"
Technical Writer,"Creates user manuals, guides, and documentation for technical systems.","Writing, Technical Knowledge, Document Design","Markdown, Content Management Systems, XML",Certified Professional Technical Communicator (CPTC),B.Tech in CS or BA in English with technical knowledge,"Instructional Designer, Content Strategist, UX Writer",Build strong technical and writing skills. → Learn documentation tools. → Document software/hardware usage. → Gain CPTC certification. → Advance to content strategy roles.,"Confluence, MadCap Flare, Adobe FrameMaker","Communication, Attention to Detail, Organizational Skills","Interactive documentation, AI-assisted writing","Writing user manuals for software, documenting APIs","IT, Manufacturing, Healthcare, Startups",Junior Writer → Technical Writer → Lead Writer → Documentation Manager,3-6 months,"Balancing technical depth with clarity, tight deadlines","TechWhirl, Coursera writing courses",Moderate,"4,00,000 - 12,00,000"
Quantum Computing Specialist,Develops algorithms and systems for quantum computing applications.,"Quantum Mechanics, Python, Linear Algebra, Quantum Algorithms","Qiskit, TensorFlow Quantum, Circuit Optimization",IBM Quantum Developer Certification,B.Tech in CS/Physics/Electronics,"Research Scientist, AI Engineer, Data Scientist",Learn quantum mechanics and linear algebra fundamentals. → Study frameworks like Qiskit. → Build projects using IBM Q Experience. → Transition to advanced roles.,"Qiskit, Cirq, IBM Q Experience","Problem-Solving, Analytical Thinking","Quantum AI, Quantum Cryptography","Quantum Key Distribution, Optimization problems","Research Labs, Tech Giants, Finance",Junior Researcher → Quantum Developer → Quantum Scientist,2-3 years,"Highly complex concepts, limited real-world applications currently","IBM Quantum Lab, Coursera Quantum Computing",Moderate,"10,00,000 - 25,00,000"
Marine Engineer,"Designs, develops, and maintains systems for ships and underwater vessels.","Thermodynamics, Hydrodynamics, CAD","HVAC Systems, Welding, MATLAB","Marine Engineer Certification, STCW Basic Safety Training",B.Tech in Marine Engineering/Mechanical Engineering,"Naval Architect, Offshore Engineer",Learn marine systems and hydrodynamics. →Work on ship design and maintenance. →Gain safety certifications. → Obtain practical experience through internships.,"AutoCAD, MATLAB, SolidWorks","Attention to Detail, Teamwork, Resilience","Autonomous Ships, Green Propulsion Systems","Designing propulsion systems, optimizing ship fuel usage","Maritime, Defense, Oil & Gas",Junior Engineer → Senior Engineer → Naval Architect,3-5 years,"Physical demands, remote locations","MarineInsight, DNV GL Training",Moderate,"6,00,000 - 15,00,000"
Blockchain Developer,Develops decentralized applications (DApps) and smart contracts using blockchain technology.,"Solidity, Ethereum, Smart Contracts, Cryptography","IPFS, Web3.js, Hyperledger, Decentralized Finance (DeFi)","Certified Blockchain Developer, Ethereum Developer Certification","B.Tech in Computer Science/IT, or equivalent with blockchain expertise","Software Developer, Smart Contract Developer, Crypto Engineer",Learn blockchain basics and cryptography fundamentals. → Master Solidity and Ethereum Smart Contracts. →Work on decentralized application development. → Gain blockchain certifications.,"Solidity, Truffle, Hardhat, Web3.js, IPFS, Ganache","Analytical Thinking, Problem-Solving, Creativity","NFTs, DeFi, Cross-chain Platforms","Building decentralized apps, creating smart contracts","Blockchain Startups, Crypto, Financial Institutions",Junior Blockchain Developer → Senior Blockchain Developer → Blockchain Architect,1-2 years,"Security concerns, scalability issues, evolving technology","Blockchain Certification Courses, CryptoZombies, Udemy",High,"8,00,000 - 20,00,000"
Network Engineer,"Designs, configures, and maintains an organization's network infrastructure to ensure smooth connectivity.","Networking, Cisco Technologies, Network Security, Troubleshooting","MPLS, WAN Technologies, Network Automation","Cisco Certified Network Associate (CCNA), Cisco Certified Network Professional (CCNP)",B.Tech in Computer Science/IT/Electronics or equivalent,"Systems Administrator, Network Security Engineer, IT Support","1. Learn networking protocols, TCP/IP, and routing concepts. → 2. Gain proficiency in networking hardware and software. → 3. Work on configuring and troubleshooting routers and switches.","Cisco Packet Tracer, Wireshark, SolarWinds, Juniper Networks","Communication, Troubleshooting, Teamwork, Attention to Detail","SD-WAN, Cloud Networking, Network Automation","Setting up routers, configuring VPNs, managing network security","IT Services, Telecom, Data Centers, Enterprise IT",Junior Network Engineer → Network Engineer → Senior Network Engineer → Network Architect,1-2 years,"Keeping up with new networking technologies, dealing with complex networks","Cisco Network Academy, Network+ Training Materials",High,"5,00,000 - 12,00,000"
Automation Engineer,Designs and develops automated solutions for manufacturing processes or software testing.,"PLC Programming, Python, Automation Tools (Selenium), SCADA","IoT Integration, Cloud Automation, Machine Learning","Certified Automation Professional (CAP), ISTQB Automation Testing Certification",B.Tech in Mechanical/Electrical/CS,"Robotics Engineer, Control Systems Engineer, Test Automation Engineer",Learn PLC and automation tool basics. → 2. Work on automation projects using tools like Selenium or SCADA. → 3. Gain certifications like CAP. → 4. Progress to larger-scale automation systems.,"SCADA, Selenium, MATLAB, LabVIEW","Problem-Solving, Analytical Thinking, Attention to Detail","Industrial IoT, Robotic Process Automation (RPA)","Automated testing of software, controlling industrial robots","Manufacturing, Automotive, IT, Robotics, Aerospace",Junior Automation Engineer → Senior Automation Engineer → Automation Architect,1-2 years,"Handling complex systems, ensuring reliability, learning new automation tools","Udemy Automation Courses, Automation Professional Resources",Moderate,"5,00,000 - 10,00,000"
Renewable Energy Engineer,"Designs, develops, and implements solutions for renewable energy systems like solar, wind, and hydroelectric power.","Solar PV Design, Wind Energy, Energy Storage, Energy Efficiency","MATLAB, Energy Simulation Software, Grid Integration","NABCEP Solar PV Associate, Certified Energy Manager (CEM)",B.Tech in Electrical/Mechanical Engineering,"Sustainability Consultant, Energy Analyst, Project Manager","Learn renewable energy principles (solar, wind). → Study energy storage and grid integration systems. → Work on real-world energy projects. → Obtain renewable energy certifications.","MATLAB, Homer Energy, PVsyst, SAM","Analytical Thinking, Project Management, Problem-Solving","Solar and Wind Energy Storage, Green Building Technologies","Design and implement solar energy systems, optimize wind turbines","Energy, Sustainability, Construction, Government",Junior Renewable Energy Engineer → Senior Engineer → Energy Project Manager,2-3 years,"Working in remote locations, dealing with supply chain issues, integration challenges","NABCEP Training, Solar Energy International, Coursera",High,"4,00,000 - 12,00,000"
IoT Developer,"Designs and develops IoT-based solutions for various applications such as smart homes, health, and industry.","Embedded Systems, IoT Protocols, Python, MQTT","Cloud Platforms, Edge Computing, Data Analytics","Certified IoT Professional, Cisco IoT Fundamentals",B.Tech in Electronics/CS/Mechanical Engineering,"Embedded Systems Engineer, IoT Security Engineer","Learn embedded systems and microcontroller programming. → Study IoT communication protocols (MQTT, CoAP). →Work on IoT solutions (smart home devices, wearables). →Gain IoT certifications.","Raspberry Pi, Arduino, AWS IoT, Google Cloud IoT","Creativity, Problem-Solving, Attention to Detail","Smart Cities, Industry 4.0, IoT Security","Building IoT sensors, developing smart home automation systems","Electronics, Manufacturing, Healthcare, Smart Cities",Junior IoT Developer → Senior IoT Developer → IoT Architect,1-2 years,"Security concerns, scalability of devices, interoperability issues","IoT Certification, Arduino Projects, Coursera",Moderate,"6,00,000 - 15,00,000"
Robotics Engineer,"Designs, develops, and tests robotic systems, focusing on automating tasks and improving processes.","C++, Python, Robotics Design, Control Systems","Mechatronics, Machine Vision, Sensor Integration","Certified Robotics Engineer, Certified Control Systems Technician","B.Tech in Mechanical, Electrical, Mechatronics","Automation Engineer, Embedded Systems Engineer, Control Systems Engineer",Learn C++ and Python basics → Master robotics design principles → Work on embedded systems →Gain certifications →Apply for robotics roles,"SolidWorks, ROS (Robot Operating System), MATLAB","Problem-Solving, Creativity, Teamwork, Attention to Detail",- Collaborative Robots (Cobots),- Automated Warehouse Systems,"Manufacturing, Automotive, Aerospace, Defense",Junior Robotics Engineer → Robotics Engineer → Senior Robotics Engineer → Robotics Research Scientist,"12-18 months for foundational skills, 2-3 years for advanced projects","Difficulty in real-time control, debugging robotic systems, balancing cost with functionality",- Udacity Robotics Nanodegree,High,"8,00,000 - 20,00,000"
,,,,,,,,,,- Robotic Process Automation (RPA),- Industrial Robots for Manufacturing,,,,,- Coursera Robotics Specialization,,
Embedded Systems Engineer,"Develops software and firmware for embedded systems, focusing on integration with hardware devices.","C, C++, Microcontrollers, Digital Logic Design","Real-Time Operating Systems (RTOS), Communication Protocols (I2C, SPI)","Certified Embedded Systems Engineer (CES), ARM Accredited Engineer","B.Tech in Electronics, Electrical, Computer Science","IoT Developer, Robotics Engineer, Control Systems Engineer",Learn C programming and microcontroller basics →Study digital logic design →Practice hardware interfacing →Gain certifications → Apply for roles,"Keil, IAR Embedded Workbench, Arduino IDE, MPLAB","Analytical Thinking, Problem-Solving, Teamwork, Communication",- Internet of Things (IoT),- Smart Home Automation,"Automotive, Healthcare, Consumer Electronics, IoT",Junior Embedded Systems Engineer → Embedded Systems Engineer → Senior Embedded Systems Engineer → Embedded Systems Architect,"12-15 months for foundational skills, 2-3 years for advanced firmware projects","Debugging embedded systems, real-time performance challenges, hardware-software integration",- Coursera Embedded Systems Courses,High,"5,00,000 - 12,00,000"
,,,,,,,,,,- Autonomous Embedded Systems,- Wearable Health Devices,,,,,- EdX Embedded Systems Courses,,
,,,,,,,,,,,,,,,,,,
,,,,,,,,,,,,,,,,,,
,,,,,,,→,,,,,,,,,,,
